year,member,role,precip
1981,01,pseudo_obs,12.6687
1982,01,pseudo_obs,8.838
1983,01,pseudo_obs,10.7835
1984,01,pseudo_obs,17.3834
1985,01,pseudo_obs,10.7334
1986,01,pseudo_obs,10.7967
1987,01,pseudo_obs,11.7933
1988,01,pseudo_obs,9.1683
1989,01,pseudo_obs,9.1155
1990,01,pseudo_obs,8.014
1991,01,pseudo_obs,11.1668
1992,01,pseudo_obs,8.5183
1993,01,pseudo_obs,7.5118
1994,01,pseudo_obs,7.6287
1995,01,pseudo_obs,12.2645
1996,01,pseudo_obs,10.8076
1997,01,pseudo_obs,11.6836
1998,01,pseudo_obs,10.5816
1999,01,pseudo_obs,38.8903
2000,01,pseudo_obs,11.5101
2001,01,pseudo_obs,8.997
2002,01,pseudo_obs,9.4943
2003,01,pseudo_obs,18.9659
2004,01,pseudo_obs,24.1331
2005,01,pseudo_obs,28.3214
2006,01,pseudo_obs,12.5098
2007,01,pseudo_obs,14.7381
2008,01,pseudo_obs,23.1099
2009,01,pseudo_obs,11.1817
2010,01,pseudo_obs,9.9657
2011,01,pseudo_obs,11.8411
2012,01,pseudo_obs,9.6583
2013,01,pseudo_obs,9.0294
2014,01,pseudo_obs,8.8041
2015,01,pseudo_obs,9.594
2016,01,pseudo_obs,19.0321
2017,01,pseudo_obs,22.2782
2018,01,pseudo_obs,13.4126
2019,01,pseudo_obs,25.381
2020,01,pseudo_obs,13.5063
2021,01,pseudo_obs,11.1718
2022,01,pseudo_obs,13.1377
2023,01,pseudo_obs,8.8439
2024,01,pseudo_obs,7.8401
2025,01,pseudo_obs,10.7833
2026,01,pseudo_obs,24.821
2027,01,pseudo_obs,24.9853
2028,01,pseudo_obs,22.5405
2029,01,pseudo_obs,10.9811
2030,01,pseudo_obs,11.3361
2031,01,pseudo_obs,35.6628
2032,01,pseudo_obs,25.0793
2033,01,pseudo_obs,10.5437
2034,01,pseudo_obs,24.9579
2035,01,pseudo_obs,11.7442
2036,01,pseudo_obs,9.8287
2037,01,pseudo_obs,8.9907
2038,01,pseudo_obs,14.6796
2039,01,pseudo_obs,11.0001
2040,01,pseudo_obs,11.7307
2041,01,pseudo_obs,12.58
2042,01,pseudo_obs,36.2867
2043,01,pseudo_obs,10.9426
2044,01,pseudo_obs,11.0467
2045,01,pseudo_obs,13.0248
2046,01,pseudo_obs,12.004
2047,01,pseudo_obs,16.7471
2048,01,pseudo_obs,14.5586
2049,01,pseudo_obs,30.2315
2050,01,pseudo_obs,14.3558
2051,01,pseudo_obs,20.9086
2052,01,pseudo_obs,18.2819
2053,01,pseudo_obs,13.5351
2054,01,pseudo_obs,18.5935
2055,01,pseudo_obs,49.7697
2056,01,pseudo_obs,11.77
2057,01,pseudo_obs,18.7861
2058,01,pseudo_obs,18.6418
2059,01,pseudo_obs,10.5536
2060,01,pseudo_obs,6.5745
2061,01,pseudo_obs,16.4402
2062,01,pseudo_obs,19.0152
2063,01,pseudo_obs,15.5263
2064,01,pseudo_obs,11.2426
2065,01,pseudo_obs,12.7048
2066,01,pseudo_obs,28.119
2067,01,pseudo_obs,13.4211
2068,01,pseudo_obs,10.1934
2069,01,pseudo_obs,9.7602
2070,01,pseudo_obs,13.9141
2071,01,pseudo_obs,17.8954
2072,01,pseudo_obs,17.4261
2073,01,pseudo_obs,22.914
2074,01,pseudo_obs,23.3096
2075,01,pseudo_obs,20.481
2076,01,pseudo_obs,17.5782
2077,01,pseudo_obs,14.2964
2078,01,pseudo_obs,14.9891
2079,01,pseudo_obs,11.4575
2080,01,pseudo_obs,16.0067
1981,04,ensemble,11.8836
1982,04,ensemble,20.1063
1983,04,ensemble,19.4894
1984,04,ensemble,9.8012
1985,04,ensemble,15.5049
1986,04,ensemble,8.8762
1987,04,ensemble,15.9202
1988,04,ensemble,22.8585
1989,04,ensemble,19.8984
1990,04,ensemble,12.7863
1991,04,ensemble,13.229
1992,04,ensemble,7.9618
1993,04,ensemble,12.5009
1994,04,ensemble,8.9638
1995,04,ensemble,9.8673
1996,04,ensemble,8.3064
1997,04,ensemble,17.1718
1998,04,ensemble,10.2154
1999,04,ensemble,11.7325
2000,04,ensemble,7.5961
2001,04,ensemble,15.3515
2002,04,ensemble,7.5308
2003,04,ensemble,10.2416
2004,04,ensemble,14.0159
2005,04,ensemble,10.8213
2006,04,ensemble,16.5254
2007,04,ensemble,11.1631
2008,04,ensemble,9.2683
2009,04,ensemble,11.8627
2010,04,ensemble,12.1742
2011,04,ensemble,27.8293
2012,04,ensemble,10.9684
2013,04,ensemble,23.4031
2014,04,ensemble,7.1123
2015,04,ensemble,11.3796
2016,04,ensemble,22.5462
2017,04,ensemble,11.2253
2018,04,ensemble,11.4825
2019,04,ensemble,10.2549
2020,04,ensemble,18.9676
2023,04,ensemble,14.2968
2024,04,ensemble,7.6762
2025,04,ensemble,10.6952
2026,04,ensemble,8.173
2027,04,ensemble,17.0619
2028,04,ensemble,7.9636
2029,04,ensemble,14.0041
2030,04,ensemble,8.493
2031,04,ensemble,14.3193
2032,04,ensemble,25.1267
2033,04,ensemble,19.4352
2034,04,ensemble,14.7212
2035,04,ensemble,29.3337
2036,04,ensemble,14.237
2037,04,ensemble,10.6051
2038,04,ensemble,8.3565
2039,04,ensemble,16.6992
2040,04,ensemble,11.9549
2041,04,ensemble,13.4479
2042,04,ensemble,9.5
2043,04,ensemble,19.0959
2044,04,ensemble,17.37
2045,04,ensemble,24.7941
2046,04,ensemble,22.6708
2047,04,ensemble,19.4747
2048,04,ensemble,11.8525
2049,04,ensemble,16.1045
2050,04,ensemble,28.4577
2051,04,ensemble,13.6671
2052,04,ensemble,21.0767
2053,04,ensemble,28.3646
2054,04,ensemble,21.4748
2055,04,ensemble,16.0981
2056,04,ensemble,11.9036
2057,04,ensemble,13.7755
2058,04,ensemble,22.49
2059,04,ensemble,21.4974
2060,04,ensemble,12.3489
2061,04,ensemble,27.4587
2062,04,ensemble,27.68
2063,04,ensemble,10.9678
2064,04,ensemble,9.7264
2065,04,ensemble,26.9707
2066,04,ensemble,15.8263
2067,04,ensemble,14.9529
2068,04,ensemble,20.1468
2069,04,ensemble,20.3871
2070,04,ensemble,32.6966
2071,04,ensemble,17.1638
2072,04,ensemble,28.928
2073,04,ensemble,18.2918
2074,04,ensemble,10.7176
2075,04,ensemble,13.659
2076,04,ensemble,18.7182
2077,04,ensemble,20.7571
2078,04,ensemble,33.5034
2079,04,ensemble,16.7788
2080,04,ensemble,25.8659
1981,05,ensemble,10.6365
1982,05,ensemble,10.607
1983,05,ensemble,7.4898
1984,05,ensemble,5.6136
1985,05,ensemble,10.5666
1986,05,ensemble,15.5118
1987,05,ensemble,10.5273
1988,05,ensemble,8.1953
1989,05,ensemble,10.6204
1990,05,ensemble,8.205
1991,05,ensemble,8.6393
1992,05,ensemble,9.8276
1993,05,ensemble,17.9045
1994,05,ensemble,13.5502
1995,05,ensemble,8.8491
1996,05,ensemble,9.6141
1997,05,ensemble,10.4074
1998,05,ensemble,20.0576
1999,05,ensemble,24.1642
2000,05,ensemble,10.3458
2001,05,ensemble,21.6032
2002,05,ensemble,12.5991
2003,05,ensemble,8.1047
2004,05,ensemble,16.2752
2005,05,ensemble,12.46
2006,05,ensemble,9.5338
2007,05,ensemble,6.4234
2008,05,ensemble,12.0739
2009,05,ensemble,16.1484
2010,05,ensemble,14.2145
2011,05,ensemble,12.1905
2012,05,ensemble,29.3066
2013,05,ensemble,7.9844
2014,05,ensemble,9.7257
2015,05,ensemble,11.1756
2016,05,ensemble,13.7021
2017,05,ensemble,9.8286
2018,05,ensemble,8.346
2019,05,ensemble,14.4788
2020,05,ensemble,10.8012
2021,05,ensemble,8.8752
2022,05,ensemble,23.2778
2023,05,ensemble,11.8269
2024,05,ensemble,23.1046
2025,05,ensemble,13.2924
2026,05,ensemble,18.4056
2027,05,ensemble,15.0765
2028,05,ensemble,23.9181
2029,05,ensemble,11.1116
2030,05,ensemble,14.0418
2031,05,ensemble,12.8223
2032,05,ensemble,29.6306
2033,05,ensemble,13.4424
2034,05,ensemble,9.2925
2035,05,ensemble,18.3946
2036,05,ensemble,12.5852
2037,05,ensemble,19.4144
2038,05,ensemble,8.5141
2039,05,ensemble,17.5171
2040,05,ensemble,10.6098
2041,05,ensemble,20.3322
2042,05,ensemble,19.965
2043,05,ensemble,11.5615
2044,05,ensemble,25.8941
2045,05,ensemble,10.0474
2046,05,ensemble,10.7831
2047,05,ensemble,9.4523
2048,05,ensemble,13.7652
2049,05,ensemble,9.0974
2050,05,ensemble,12.4727
2051,05,ensemble,30.434
2052,05,ensemble,12.0458
2053,05,ensemble,21.9415
2054,05,ensemble,9.5066
2055,05,ensemble,13.1219
2056,05,ensemble,15.3559
2057,05,ensemble,13.5134
2058,05,ensemble,12.9313
2059,05,ensemble,36.8881
2060,05,ensemble,5.2501
2061,05,ensemble,15.143
2062,05,ensemble,20.3827
2063,05,ensemble,7.8994
2064,05,ensemble,38.5592
2065,05,ensemble,9.8425
2066,05,ensemble,20.4316
2067,05,ensemble,14.092
2068,05,ensemble,32.799
2069,05,ensemble,19.9387
2070,05,ensemble,10.786
2071,05,ensemble,18.8455
2072,05,ensemble,31.2928
2073,05,ensemble,19.2438
2074,05,ensemble,20.6064
2075,05,ensemble,28.2905
2076,05,ensemble,11.4363
2077,05,ensemble,10.8784
2078,05,ensemble,10.8572
2079,05,ensemble,27.9479
2080,05,ensemble,25.6528
1981,06,ensemble,21.1075
1982,06,ensemble,14.182
1983,06,ensemble,9.1094
1984,06,ensemble,8.2874
1985,06,ensemble,6.2652
1986,06,ensemble,6.97
1987,06,ensemble,18.94
1989,06,ensemble,12.6795
1990,06,ensemble,5.9382
1991,06,ensemble,10.7349
1992,06,ensemble,6.581
1993,06,ensemble,9.4197
1994,06,ensemble,25.9211
1995,06,ensemble,6.0577
1996,06,ensemble,21.1161
1997,06,ensemble,7.9688
1998,06,ensemble,10.1816
1999,06,ensemble,10.9579
2000,06,ensemble,50.1129
2001,06,ensemble,10.0214
2002,06,ensemble,7.3455
2003,06,ensemble,9.2301
2004,06,ensemble,8.2983
2005,06,ensemble,15.4294
2006,06,ensemble,24.8616
2007,06,ensemble,14.1785
2008,06,ensemble,15.0143
2009,06,ensemble,9.5293
2010,06,ensemble,7.2433
2011,06,ensemble,13.0368
2012,06,ensemble,14.4095
2013,06,ensemble,9.2849
2014,06,ensemble,9.4821
2015,06,ensemble,11.3661
2016,06,ensemble,9.7273
2017,06,ensemble,7.1147
2018,06,ensemble,9.6486
2019,06,ensemble,13.0399
2020,06,ensemble,7.3785
2021,06,ensemble,9.1082
2022,06,ensemble,8.5268
2023,06,ensemble,9.7325
2024,06,ensemble,13.0039
2025,06,ensemble,13.7337
2026,06,ensemble,7.347
2027,06,ensemble,10.6253
2028,06,ensemble,14.7253
2029,06,ensemble,32.1952
2030,06,ensemble,12.6171
2031,06,ensemble,12.4928
2032,06,ensemble,10.7063
2033,06,ensemble,10.8292
2034,06,ensemble,9.8049
2035,06,ensemble,16.6306
2036,06,ensemble,17.0767
2037,06,ensemble,7.7448
2038,06,ensemble,9.6884
2039,06,ensemble,8.2544
2040,06,ensemble,10.474
2041,06,ensemble,8.6147
2042,06,ensemble,18.9738
2043,06,ensemble,8.0086
2044,06,ensemble,9.8641
2045,06,ensemble,12.3413
2046,06,ensemble,13.0566
2047,06,ensemble,14.2321
2048,06,ensemble,9.4632
2049,06,ensemble,8.4259
2050,06,ensemble,10.4089
2051,06,ensemble,13.2451
2052,06,ensemble,21.8835
2053,06,ensemble,12.2749
2054,06,ensemble,9.9531
2055,06,ensemble,11.1968
2056,06,ensemble,9.4816
2057,06,ensemble,7.7255
2058,06,ensemble,14.769
2059,06,ensemble,16.0345
2060,06,ensemble,10.9304
2061,06,ensemble,16.6029
2062,06,ensemble,12.9709
2063,06,ensemble,11.2854
2064,06,ensemble,10.7514
2065,06,ensemble,14.2601
2066,06,ensemble,12.9589
2067,06,ensemble,22.9373
2068,06,ensemble,10.0516
2069,06,ensemble,10.610900000000001
2070,06,ensemble,15.8957
2071,06,ensemble,9.2644
2072,06,ensemble,11.7834
2073,06,ensemble,20.1698
2074,06,ensemble,12.6149
2075,06,ensemble,12.4567
2076,06,ensemble,19.0565
2077,06,ensemble,12.5032
2078,06,ensemble,10.8361
2079,06,ensemble,10.6597
2080,06,ensemble,19.0437
1981,07,ensemble,9.4871
1982,07,ensemble,11.0658
1983,07,ensemble,13.4945
1984,07,ensemble,10.2831
1985,07,ensemble,10.7979
1986,07,ensemble,8.2663
1987,07,ensemble,10.7762
1988,07,ensemble,8.3769
1989,07,ensemble,12.3858
1990,07,ensemble,14.0262
1991,07,ensemble,11.065
1992,07,ensemble,7.5603
1993,07,ensemble,10.1532
1994,07,ensemble,18.9983
1995,07,ensemble,11.1752
1996,07,ensemble,12.2725
1997,07,ensemble,10.8509
1998,07,ensemble,11.285
1999,07,ensemble,9.9666
2000,07,ensemble,9.0195
2001,07,ensemble,12.5172
2002,07,ensemble,11.0924
2003,07,ensemble,11.1627
2004,07,ensemble,8.1081
2005,07,ensemble,12.2917
2006,07,ensemble,11.7272
2007,07,ensemble,8.9492
2008,07,ensemble,17.7725
2009,07,ensemble,18.5741
2010,07,ensemble,14.6203
2011,07,ensemble,18.1715
2012,07,ensemble,26.8653
2013,07,ensemble,6.2661
2014,07,ensemble,15.1153
2015,07,ensemble,37.2639
2016,07,ensemble,13.1447
2017,07,ensemble,11.7663
2018,07,ensemble,8.7393
2019,07,ensemble,30.3448
2020,07,ensemble,15.6864
2021,07,ensemble,10.5822
2022,07,ensemble,19.3512
2023,07,ensemble,20.1789
2024,07,ensemble,14.4088
2025,07,ensemble,11.9469
2026,07,ensemble,10.3455
2027,07,ensemble,11.8089
2028,07,ensemble,7.1002
2029,07,ensemble,33.9471
2030,07,ensemble,13.5152
2031,07,ensemble,21.0237
2032,07,ensemble,8.5577
2033,07,ensemble,34.0609
2034,07,ensemble,14.7155
2035,07,ensemble,17.5106
2036,07,ensemble,9.2566
2037,07,ensemble,17.2586
2038,07,ensemble,8.26
2039,07,ensemble,9.5174
2040,07,ensemble,9.6169
2041,07,ensemble,25.2834
2042,07,ensemble,14.6853
2043,07,ensemble,10.6645
2044,07,ensemble,7.5809
2045,07,ensemble,8.1401
2046,07,ensemble,18.5913
2047,07,ensemble,13.7203
2048,07,ensemble,7.1267
2049,07,ensemble,10.8705
2050,07,ensemble,10.9269
2051,07,ensemble,11.3525
2052,07,ensemble,21.9337
2053,07,ensemble,8.8651
2054,07,ensemble,9.2712
2055,07,ensemble,12.5444
2056,07,ensemble,13.1227
2057,07,ensemble,11.0089
2058,07,ensemble,7.8482
2059,07,ensemble,7.9773
2060,07,ensemble,13.8941
2061,07,ensemble,13.6906
2062,07,ensemble,12.8741
2063,07,ensemble,34.1913
2064,07,ensemble,12.5379
2065,07,ensemble,9.3656
2066,07,ensemble,18.1807
2067,07,ensemble,12.9278
2068,07,ensemble,14.4608
2069,07,ensemble,13.2141
2070,07,ensemble,11.1652
2071,07,ensemble,22.5593
2072,07,ensemble,11.6205
2073,07,ensemble,10.1474
2074,07,ensemble,16.3565
2075,07,ensemble,21.6602
2076,07,ensemble,16.9952
2077,07,ensemble,10.2118
2078,07,ensemble,19.3125
2079,07,ensemble,12.1378
2080,07,ensemble,12.6985
1981,08,ensemble,7.9463
1982,08,ensemble,8.9278
1983,08,ensemble,16.8283
1984,08,ensemble,9.5103
1985,08,ensemble,27.4646
1986,08,ensemble,8.9054
1987,08,ensemble,7.7497
1988,08,ensemble,17.9316
1989,08,ensemble,11.0759
1990,08,ensemble,16.7289
1991,08,ensemble,21.6397
1992,08,ensemble,12.2567
1993,08,ensemble,9.331
1994,08,ensemble,13.0209
1995,08,ensemble,9.1761
1996,08,ensemble,10.7853
1997,08,ensemble,9.3489
1998,08,ensemble,10.2753
1999,08,ensemble,49.0078
2000,08,ensemble,10.5035
2001,08,ensemble,15.3249
2002,08,ensemble,13.4636
2003,08,ensemble,11.7311
2004,08,ensemble,19.887
2005,08,ensemble,24.1568
2006,08,ensemble,17.4524
2007,08,ensemble,18.3373
2008,08,ensemble,22.0826
2009,08,ensemble,11.9053
2010,08,ensemble,16.2978
2011,08,ensemble,13.9674
2012,08,ensemble,38.9166
2013,08,ensemble,31.3066
2014,08,ensemble,11.6975
2015,08,ensemble,7.1849
2016,08,ensemble,9.8685
2017,08,ensemble,10.1489
2018,08,ensemble,7.9434
2019,08,ensemble,12.0013
2020,08,ensemble,10.8099
2021,08,ensemble,13.7016
2022,08,ensemble,12.8914
2023,08,ensemble,16.2073
2024,08,ensemble,9.4026
2025,08,ensemble,11.8038
2026,08,ensemble,11.9506
2027,08,ensemble,10.1042
2028,08,ensemble,8.8607
2029,08,ensemble,18.871
2030,08,ensemble,36.3816
2031,08,ensemble,8.0694
2032,08,ensemble,12.2216
2033,08,ensemble,17.0113
2034,08,ensemble,8.5247
2035,08,ensemble,11.5794
2036,08,ensemble,20.65
2037,08,ensemble,11.9043
2038,08,ensemble,12.8875
2039,08,ensemble,12.4062
2040,08,ensemble,15.608
2041,08,ensemble,12.9388
2042,08,ensemble,24.1342
2043,08,ensemble,16.1307
2044,08,ensemble,16.159300000000002
2045,08,ensemble,8.9723
2046,08,ensemble,30.0766
2047,08,ensemble,22.2424
2048,08,ensemble,10.1152
2049,08,ensemble,13.8799
2050,08,ensemble,11.6196
2051,08,ensemble,16.6536
2052,08,ensemble,24.0752
2053,08,ensemble,12.5956
2054,08,ensemble,10.9051
2055,08,ensemble,23.6746
2056,08,ensemble,14.3648
2057,08,ensemble,22.1649
2058,08,ensemble,12.7185
2059,08,ensemble,8.3335
2060,08,ensemble,10.8967
2061,08,ensemble,19.8528
2062,08,ensemble,10.8125
2063,08,ensemble,18.8366
2064,08,ensemble,12.3242
2065,08,ensemble,10.1043
2066,08,ensemble,12.5204
2067,08,ensemble,12.5616
2068,08,ensemble,15.2709
2069,08,ensemble,21.5816
2070,08,ensemble,8.3013
2071,08,ensemble,45.0096
2072,08,ensemble,12.6984
2073,08,ensemble,23.7595
2074,08,ensemble,16.8389
2075,08,ensemble,11.5435
2076,08,ensemble,15.4384
2077,08,ensemble,20.375
2078,08,ensemble,10.6618
2079,08,ensemble,11.2948
2080,08,ensemble,17.5419
1981,09,ensemble,8.9566
1982,09,ensemble,9.2745
1983,09,ensemble,22.2369
1984,09,ensemble,6.926
1985,09,ensemble,39.8074
1986,09,ensemble,11.137
1987,09,ensemble,12.832
1988,09,ensemble,9.7315
1989,09,ensemble,17.8957
1990,09,ensemble,14.2554
1991,09,ensemble,13.6562
1992,09,ensemble,16.5211
1993,09,ensemble,9.8167
1994,09,ensemble,8.4529
1995,09,ensemble,12.3004
1996,09,ensemble,9.0683
1997,09,ensemble,10.433
1998,09,ensemble,11.7468
1999,09,ensemble,8.8577
2000,09,ensemble,9.9158
2001,09,ensemble,13.0565
2002,09,ensemble,19.8684
2003,09,ensemble,20.2191
2004,09,ensemble,20.8712
2005,09,ensemble,15.9021
2006,09,ensemble,15.8617
2007,09,ensemble,8.0724
2008,09,ensemble,13.4462
2009,09,ensemble,16.1081
2010,09,ensemble,9.1467
2011,09,ensemble,12.9829
2012,09,ensemble,36.6326
2013,09,ensemble,9.2699
2014,09,ensemble,12.465
2015,09,ensemble,22.4884
2016,09,ensemble,12.9171
2017,09,ensemble,11.4652
2018,09,ensemble,15.3371
2020,09,ensemble,17.1829
2021,09,ensemble,9.6444
2022,09,ensemble,7.6252
2023,09,ensemble,7.9891
2024,09,ensemble,10.3784
2025,09,ensemble,17.674
2026,09,ensemble,13.3052
2027,09,ensemble,27.2565
2028,09,ensemble,16.919
2029,09,ensemble,9.3624
2030,09,ensemble,14.3774
2031,09,ensemble,20.7248
2032,09,ensemble,7.3763
2033,09,ensemble,10.4039
2034,09,ensemble,16.7585
2035,09,ensemble,8.1151
2036,09,ensemble,19.5409
2037,09,ensemble,11.0812
2038,09,ensemble,17.7724
2039,09,ensemble,19.0305
2040,09,ensemble,6.9481
2041,09,ensemble,17.4421
2042,09,ensemble,17.1539
2043,09,ensemble,16.6902
2044,09,ensemble,16.6359
2045,09,ensemble,18.4322
2046,09,ensemble,13.3342
2047,09,ensemble,24.9526
2048,09,ensemble,29.2042
2049,09,ensemble,13.5302
2050,09,ensemble,11.4833
2051,09,ensemble,10.5137
2052,09,ensemble,23.5902
2053,09,ensemble,8.8955
2054,09,ensemble,13.78
2055,09,ensemble,18.5204
2056,09,ensemble,13.2575
2057,09,ensemble,21.4761
2058,09,ensemble,21.053
2059,09,ensemble,14.5239
2060,09,ensemble,22.5283
2061,09,ensemble,11.7235
2062,09,ensemble,9.9408
2063,09,ensemble,20.0716
2064,09,ensemble,11.1959
2065,09,ensemble,23.1502
2066,09,ensemble,12.2759
2067,09,ensemble,16.9071
2068,09,ensemble,9.733
2069,09,ensemble,7.2229
2070,09,ensemble,15.4902
2071,09,ensemble,13.2034
2072,09,ensemble,14.6909
2073,09,ensemble,15.2059
2074,09,ensemble,11.5217
2075,09,ensemble,10.5574
2076,09,ensemble,14.486
2077,09,ensemble,8.8077
2078,09,ensemble,13.7755
2079,09,ensemble,22.3183
2080,09,ensemble,8.1903
1981,10,ensemble,10.8504
1982,10,ensemble,10.0196
1983,10,ensemble,7.5702
1984,10,ensemble,18.0156
1985,10,ensemble,35.3039
1986,10,ensemble,17.3594
1987,10,ensemble,11.7768
1988,10,ensemble,10.9435
1989,10,ensemble,11.3484
1990,10,ensemble,7.9834
1991,10,ensemble,14.5864
1992,10,ensemble,15.342
1993,10,ensemble,19.1754
1994,10,ensemble,9.9852
1995,10,ensemble,9.8623
1996,10,ensemble,18.8396
1997,10,ensemble,9.3925
1998,10,ensemble,10.2907
1999,10,ensemble,12.3812
2000,10,ensemble,20.3371
2001,10,ensemble,24.9437
2002,10,ensemble,7.8756
2003,10,ensemble,9.2673
2004,10,ensemble,7.7168
2005,10,ensemble,17.1122
2006,10,ensemble,13.6853
2007,10,ensemble,8.8976
2008,10,ensemble,12.1139
2009,10,ensemble,13.5572
2010,10,ensemble,14.338
2011,10,ensemble,8.1142
2012,10,ensemble,13.546
2013,10,ensemble,9.1382
2014,10,ensemble,9.612
2015,10,ensemble,18.7701
2016,10,ensemble,22.1217
2017,10,ensemble,13.127
2018,10,ensemble,8.5898
2019,10,ensemble,19.0165
2020,10,ensemble,9.0866
2021,10,ensemble,11.7065
2022,10,ensemble,12.858
2023,10,ensemble,13.8087
2024,10,ensemble,8.2128
2025,10,ensemble,14.592
2026,10,ensemble,10.9555
2027,10,ensemble,17.9131
2028,10,ensemble,33.9963
2029,10,ensemble,11.8953
2030,10,ensemble,15.5059
2031,10,ensemble,7.3003
2032,10,ensemble,10.2255
2033,10,ensemble,14.2873
2034,10,ensemble,15.5307
2035,10,ensemble,15.7189
2036,10,ensemble,19.9239
2037,10,ensemble,25.4589
2038,10,ensemble,15.7238
2039,10,ensemble,20.6196
2040,10,ensemble,11.9946
2041,10,ensemble,13.3898
2042,10,ensemble,10.9272
2043,10,ensemble,8.7285
2044,10,ensemble,8.9889
2045,10,ensemble,22.6949
2046,10,ensemble,16.1784
2047,10,ensemble,29.2007
2048,10,ensemble,11.6265
2049,10,ensemble,12.2429
2050,10,ensemble,13.5351
2051,10,ensemble,25.9561
2052,10,ensemble,17.6487
2053,10,ensemble,25.7418
2054,10,ensemble,20.8062
2055,10,ensemble,13.3198
2056,10,ensemble,11.9678
2057,10,ensemble,13.5913
2058,10,ensemble,11.1482
2059,10,ensemble,19.5777
2060,10,ensemble,14.707
2061,10,ensemble,21.1401
2062,10,ensemble,21.4758
2063,10,ensemble,12.2001
2064,10,ensemble,28.9458
2065,10,ensemble,33.6988
2066,10,ensemble,19.1048
2067,10,ensemble,8.5129
2068,10,ensemble,15.6334
2069,10,ensemble,15.4255
2070,10,ensemble,18.2718
2071,10,ensemble,10.7183
2072,10,ensemble,11.0058
2073,10,ensemble,22.3943
2074,10,ensemble,14.8629
2075,10,ensemble,9.7433
2076,10,ensemble,8.185
2077,10,ensemble,17.1016
2078,10,ensemble,15.3882
2079,10,ensemble,18.6557
2080,10,ensemble,13.1156
1981,11,ensemble,15.5346
1982,11,ensemble,9.3669
1983,11,ensemble,15.196
1984,11,ensemble,19.8354
1985,11,ensemble,10.3193
1986,11,ensemble,11.6277
1987,11,ensemble,14.3088
1988,11,ensemble,10.3711
1989,11,ensemble,13.541
1990,11,ensemble,13.3844
1991,11,ensemble,27.309
1992,11,ensemble,11.6674
1993,11,ensemble,19.285
1994,11,ensemble,10.568
1995,11,ensemble,14.5588
1996,11,ensemble,9.4255
1997,11,ensemble,20.5853
1998,11,ensemble,9.4485
1999,11,ensemble,10.2731
2000,11,ensemble,10.4008
2001,11,ensemble,13.3439
2002,11,ensemble,7.7367
2003,11,ensemble,10.2168
2004,11,ensemble,14.522
2005,11,ensemble,12.0904
2006,11,ensemble,19.4871
2007,11,ensemble,15.8722
2008,11,ensemble,11.3963
2009,11,ensemble,20.7973
2010,11,ensemble,11.1187
2011,11,ensemble,14.8823
2012,11,ensemble,14.453
2013,11,ensemble,24.7501
2014,11,ensemble,24.603
2015,11,ensemble,12.7721
2016,11,ensemble,16.237
2017,11,ensemble,19.1082
2018,11,ensemble,16.6888
2019,11,ensemble,16.3731
2020,11,ensemble,17.1582
2021,11,ensemble,12.2593
2022,11,ensemble,17.804
2023,11,ensemble,25.7723
2024,11,ensemble,11.6019
2025,11,ensemble,9.2098
2026,11,ensemble,11.8708
2027,11,ensemble,10.9135
2028,11,ensemble,15.4134
2029,11,ensemble,9.9289
2030,11,ensemble,11.2021
2031,11,ensemble,17.6081
2032,11,ensemble,14.6774
2033,11,ensemble,9.1866
2034,11,ensemble,15.9357
2035,11,ensemble,12.5375
2036,11,ensemble,9.5642
2037,11,ensemble,7.3679
2038,11,ensemble,28.8683
2039,11,ensemble,17.9866
2040,11,ensemble,28.8002
2041,11,ensemble,41.9267
2042,11,ensemble,18.8914
2043,11,ensemble,17.225
2044,11,ensemble,30.7906
2045,11,ensemble,16.5933
2046,11,ensemble,22.0898
2047,11,ensemble,12.5371
2048,11,ensemble,24.9414
2049,11,ensemble,10.3985
2050,11,ensemble,15.149
2051,11,ensemble,18.0463
2052,11,ensemble,30.1204
2053,11,ensemble,8.7644
2054,11,ensemble,15.0481
2055,11,ensemble,13.1512
2056,11,ensemble,36.9082
2057,11,ensemble,11.3237
2058,11,ensemble,22.6764
2059,11,ensemble,21.588
2060,11,ensemble,8.9875
2061,11,ensemble,18.4755
2062,11,ensemble,22.5593
2063,11,ensemble,19.1564
2064,11,ensemble,17.053
2065,11,ensemble,9.764
2066,11,ensemble,11.3896
2067,11,ensemble,15.629
2068,11,ensemble,14.2248
2069,11,ensemble,35.0972
2070,11,ensemble,33.2522
2071,11,ensemble,11.906
2072,11,ensemble,21.2135
2073,11,ensemble,19.9667
2074,11,ensemble,19.0051
2075,11,ensemble,18.3471
2076,11,ensemble,28.4175
2077,11,ensemble,10.3604
2078,11,ensemble,12.6959
2079,11,ensemble,13.7952
2080,11,ensemble,14.5243
1981,12,ensemble,6.8942
1982,12,ensemble,8.9458
1983,12,ensemble,11.1799
1984,12,ensemble,16.468
1985,12,ensemble,6.7645
1986,12,ensemble,12.0285
1987,12,ensemble,8.638
1988,12,ensemble,7.3161
1989,12,ensemble,6.0126
1990,12,ensemble,7.5154
1991,12,ensemble,7.0935
1992,12,ensemble,9.7144
1993,12,ensemble,10.5717
1994,12,ensemble,7.3509
1995,12,ensemble,12.0952
1996,12,ensemble,12.8692
1997,12,ensemble,10.1101
1998,12,ensemble,5.4618
1999,12,ensemble,13.1537
2000,12,ensemble,16.38
2001,12,ensemble,8.0849
2002,12,ensemble,10.3528
2003,12,ensemble,14.7958
2004,12,ensemble,9.2984000000000009
2005,12,ensemble,10.736
2006,12,ensemble,13.8099
2007,12,ensemble,7.9018
2008,12,ensemble,8.1291
2009,12,ensemble,12.2988
2010,12,ensemble,13.2348
2011,12,ensemble,12.6322
2012,12,ensemble,9.8811
2013,12,ensemble,8.7925
2014,12,ensemble,7.9256
2015,12,ensemble,8.2703
2016,12,ensemble,10.2197
2017,12,ensemble,10.4106
2018,12,ensemble,6.8191
2019,12,ensemble,8.6861
2020,12,ensemble,5.3657
2021,12,ensemble,11.8243
2022,12,ensemble,9.8159
2023,12,ensemble,19.1955
2024,12,ensemble,6.9621
2025,12,ensemble,10.0753
2026,12,ensemble,16.6392
2027,12,ensemble,17.0506
2028,12,ensemble,11.8274
2029,12,ensemble,8.8196
2030,12,ensemble,11.6673
2031,12,ensemble,32.7661
2032,12,ensemble,9.8287
2033,12,ensemble,14.074
2034,12,ensemble,11.7892
2035,12,ensemble,8.9873
2036,12,ensemble,7.9388
2037,12,ensemble,6.5492
2038,12,ensemble,7.5409
2039,12,ensemble,10.3462
2040,12,ensemble,8.6244
2041,12,ensemble,6.2942
2042,12,ensemble,11.6682
2043,12,ensemble,10.6144
2044,12,ensemble,41.7086
2045,12,ensemble,10.984
2046,12,ensemble,8.0675
2047,12,ensemble,10.959
2048,12,ensemble,18.5241
2049,12,ensemble,6.5896
2050,12,ensemble,10.866
2051,12,ensemble,5.3915
2052,12,ensemble,16.1527
2053,12,ensemble,11.2067
2054,12,ensemble,7.9031
2055,12,ensemble,9.5041
2056,12,ensemble,8.8239
2057,12,ensemble,7.3485
2058,12,ensemble,12.3619
2059,12,ensemble,6.7391
2060,12,ensemble,10.8268
2061,12,ensemble,14.5005
2062,12,ensemble,6.0254
2063,12,ensemble,8.8544
2064,12,ensemble,12.7363
2065,12,ensemble,10.4579
2066,12,ensemble,12.7699
2067,12,ensemble,13.1532
2068,12,ensemble,12.3968
2069,12,ensemble,9.9683
2070,12,ensemble,9.6636
2071,12,ensemble,10.6004
2072,12,ensemble,8.7939
2073,12,ensemble,18.209
2074,12,ensemble,7.419
2075,12,ensemble,5.4417
2076,12,ensemble,12.9075
2077,12,ensemble,7.7971
2078,12,ensemble,7.7109
2079,12,ensemble,10.7647
2080,12,ensemble,17.404
1981,13,ensemble,8.9902
1982,13,ensemble,10.0412
1983,13,ensemble,15.2712
1984,13,ensemble,11.9928
1985,13,ensemble,13.4563
1986,13,ensemble,11.2365
1987,13,ensemble,7.9953
1988,13,ensemble,13.298
1989,13,ensemble,12.3418
1990,13,ensemble,19.4716
1991,13,ensemble,9.4658
1992,13,ensemble,12.3865
1993,13,ensemble,7.855
1994,13,ensemble,12.3601
1995,13,ensemble,9.5762
1996,13,ensemble,10.4153
1997,13,ensemble,13.3841
1998,13,ensemble,21.0221
1999,13,ensemble,17.5509
2000,13,ensemble,24.5933
2001,13,ensemble,28.8348
2002,13,ensemble,16.5717
2003,13,ensemble,17.051
2004,13,ensemble,18.9813
2005,13,ensemble,12.8737
2006,13,ensemble,14.9454
2007,13,ensemble,23.0893
2008,13,ensemble,10.6276
2009,13,ensemble,17.2071
2010,13,ensemble,16.2952
2011,13,ensemble,10.6749
2012,13,ensemble,7.7035
2013,13,ensemble,13.5488
2014,13,ensemble,12.7692
2015,13,ensemble,12.2042
2016,13,ensemble,15.2556
2017,13,ensemble,12.5668
2018,13,ensemble,10.0396
2019,13,ensemble,10.5677
2020,13,ensemble,11.3922
2021,13,ensemble,10.7429
2022,13,ensemble,15.0076
2023,13,ensemble,21.2355
2024,13,ensemble,13.7548
2025,13,ensemble,14.2139
2026,13,ensemble,13.6672
2027,13,ensemble,16.8753
2028,13,ensemble,57.3834
2029,13,ensemble,8.7455
2030,13,ensemble,12.3082
2031,13,ensemble,11.9554
2032,13,ensemble,15.5305
2033,13,ensemble,10.0801
2034,13,ensemble,14.7788
2035,13,ensemble,16.1901
2036,13,ensemble,16.2653
2037,13,ensemble,16.5591
2038,13,ensemble,14.6025
2039,13,ensemble,9.8075
2040,13,ensemble,12.4122
2041,13,ensemble,13.5848
2042,13,ensemble,16.9842
2043,13,ensemble,10.0658
2044,13,ensemble,13.4092
2045,13,ensemble,19.3856
2046,13,ensemble,27.4246
2047,13,ensemble,10.5559
2048,13,ensemble,9.3052
2049,13,ensemble,29.9366
2050,13,ensemble,15.9518
2051,13,ensemble,13.0789
2052,13,ensemble,12.561
2053,13,ensemble,11.9751
2054,13,ensemble,14.3282
2055,13,ensemble,21.3165
2056,13,ensemble,10.439
2057,13,ensemble,12.5844
2058,13,ensemble,9.497
2059,13,ensemble,27.9252
2060,13,ensemble,8.6983
2061,13,ensemble,11.0333
2062,13,ensemble,11.9149
2063,13,ensemble,9.9833
2064,13,ensemble,9.6641
2065,13,ensemble,10.1858
2066,13,ensemble,22.3694
2067,13,ensemble,9.1975
2068,13,ensemble,22.5713
2069,13,ensemble,7.4135
2070,13,ensemble,10.5895
2071,13,ensemble,13.0932
2072,13,ensemble,12.7418
2073,13,ensemble,13.0105
2074,13,ensemble,18.2643
2075,13,ensemble,9.7921
2076,13,ensemble,25.9639
2077,13,ensemble,13.379
2078,13,ensemble,31.7834
2079,13,ensemble,19.7674
2080,13,ensemble,9.1853
1981,15,ensemble,16.9969
1982,15,ensemble,9.7053
1983,15,ensemble,25.4919
1984,15,ensemble,10.6415
1985,15,ensemble,21.0719
1986,15,ensemble,12.1245
1987,15,ensemble,31.1907
1988,15,ensemble,10.8157
1989,15,ensemble,10.4283
1990,15,ensemble,16.3768
1991,15,ensemble,9.168
1992,15,ensemble,16.8066
1993,15,ensemble,11.145
1994,15,ensemble,16.8152
1995,15,ensemble,24.0852
1996,15,ensemble,11.6388
1997,15,ensemble,32.1315
1998,15,ensemble,25.4148
1999,15,ensemble,11.1103
2000,15,ensemble,14.5251
2001,15,ensemble,15.8089
2002,15,ensemble,10.5172
2003,15,ensemble,9.8857
2004,15,ensemble,20.4102
2005,15,ensemble,21.0633
2006,15,ensemble,13.9138
2007,15,ensemble,12.0643
2008,15,ensemble,31.0397
2009,15,ensemble,12.6489
2010,15,ensemble,12.9181
2011,15,ensemble,11.3628
2012,15,ensemble,19.0211
2013,15,ensemble,14.2447
2014,15,ensemble,11.9323
2015,15,ensemble,29.0188
2016,15,ensemble,26.3272
2017,15,ensemble,16.8
2018,15,ensemble,14.8999
2019,15,ensemble,17.5207
2020,15,ensemble,11.6325
2021,15,ensemble,18.2643
2022,15,ensemble,22.6527
2023,15,ensemble,31.9342
2024,15,ensemble,10.7994
2025,15,ensemble,29.3163
2026,15,ensemble,10.8288
2027,15,ensemble,15.4102
2028,15,ensemble,9.597
2029,15,ensemble,14.0549
2030,15,ensemble,25.4541
2031,15,ensemble,18.5382
2032,15,ensemble,12.3644
2033,15,ensemble,44.1365
2034,15,ensemble,32.6764
2035,15,ensemble,11.4427
2036,15,ensemble,17.7606
2037,15,ensemble,15.5465
2038,15,ensemble,22.751
2039,15,ensemble,9.9619
2040,15,ensemble,17.7889
2041,15,ensemble,17.0665
2042,15,ensemble,8.0091
2043,15,ensemble,7.4326
2044,15,ensemble,10.2418
2045,15,ensemble,20.5271
2046,15,ensemble,10.3208
2047,15,ensemble,9.968
2048,15,ensemble,13.6228
2049,15,ensemble,11.1882
2050,15,ensemble,8.4338
2051,15,ensemble,14.8023
2052,15,ensemble,14.036
2053,15,ensemble,15.4237
2054,15,ensemble,10.3037
2055,15,ensemble,8.8229
2056,15,ensemble,13.8842
2057,15,ensemble,14.0909
2058,15,ensemble,25.6899
2059,15,ensemble,11.4789
2060,15,ensemble,11.677
2061,15,ensemble,9.3826
2062,15,ensemble,27.9307
2063,15,ensemble,10.3529
2064,15,ensemble,25.4437
2065,15,ensemble,9.1844
2066,15,ensemble,41.4088
2067,15,ensemble,15.1931
2068,15,ensemble,14.4141
2069,15,ensemble,10.5454
2070,15,ensemble,8.7948
2071,15,ensemble,14.3798
2072,15,ensemble,8.4011
2073,15,ensemble,18.9199
2074,15,ensemble,11.1969
2075,15,ensemble,19.4676
2076,15,ensemble,13.5004
2077,15,ensemble,29.7172
2078,15,ensemble,26.1298
2079,15,ensemble,16.1777
2080,15,ensemble,14.8942
